Workbook

Sheet Skenario Black Box
A1: ID Skenario | B1: Kebutuhan Fungsional | C1: Skenario Pengujian | D1: Prasyarat | E1: Data Uji | F1: Langkah Pengujian | G1: Ekspektasi Hasil
A2: F-01-S01 | B2: Sistem dapat melakukan registrasi akun untuk administrator, guru, dan siswa | C2: Registrasi akun valid untuk setiap role | D2: Belum ada akun dengan username/email yang sama. Pengguna memiliki akses halaman registrasi. | E2: Role: administrator, guru, siswa; nama, username, email, password valid. | F2: 1. Buka halaman registrasi. 2. Isi data wajib sesuai role. 3. Simpan registrasi. | G2: Akun baru tersimpan dengan role yang dipilih dan dapat digunakan sesuai hak aksesnya.
A3: F-01-S02 | B3: Sistem dapat melakukan registrasi akun untuk administrator, guru, dan siswa | C3: Registrasi ditolak saat data wajib kosong | D3: Pengguna berada di halaman registrasi. | E3: Nama atau username atau password dikosongkan. | F3: 1. Buka halaman registrasi. 2. Kosongkan salah satu data wajib. 3. Tekan simpan. | G3: Sistem menolak registrasi dan menampilkan pesan validasi pada field yang kosong.
A4: F-01-S03 | B4: Sistem dapat melakukan registrasi akun untuk administrator, guru, dan siswa | C4: Registrasi ditolak saat username/email duplikat | D4: Sudah tersedia akun aktif dengan username/email tertentu. | E4: Username/email yang sudah digunakan. | F4: 1. Buka halaman registrasi. 2. Isi data dengan username/email duplikat. 3. Tekan simpan. | G4: Sistem tidak membuat akun baru dan menampilkan pesan bahwa username/email sudah digunakan.
A5: F-02-S01 | B5: Sistem dapat melakukan pengelolaan terhadap data administrator, guru, dan siswa | C5: Lihat daftar dan detail pengguna | D5: Tersedia data administrator, guru, dan siswa. | E5: Filter role atau kata kunci pencarian. | F5: 1. Buka menu manajemen pengguna. 2. Gunakan filter/pencarian. 3. Buka detail salah satu pengguna. | G5: Sistem menampilkan daftar dan detail pengguna sesuai data yang tersimpan.
A6: F-02-S02 | B6: Sistem dapat melakukan pengelolaan terhadap data administrator, guru, dan siswa | C6: Hapus/nonaktifkan pengguna | D6: Administrator berhasil login dan data target tersedia. | E6: Akun guru/siswa/administrator target. | F6: 1. Pilih data pengguna. 2. Jalankan aksi hapus/nonaktifkan. 3. Konfirmasi aksi. | G6: Sistem menghapus atau menonaktifkan data sesuai pilihan dan daftar diperbarui.
A7: F-03-S01 | B7: Sistem dapat melakukan perubahan pada masing-masing data guru dan siswa | C7: Ubah data guru dengan input valid | D7: Administrator/guru berwenang login dan data guru tersedia. | E7: Nama, NIP/email, mata pelajaran, atau atribut guru valid. | F7: 1. Buka detail guru. 2. Ubah data yang diperlukan. 3. Simpan perubahan. | G7: Perubahan data guru tersimpan dan tampil pada detail/daftar guru.
A8: F-03-S02 | B8: Sistem dapat melakukan perubahan pada masing-masing data guru dan siswa | C8: Ubah data siswa dengan input valid | D8: Administrator/guru berwenang login dan data siswa tersedia. | E8: Nama, NIS, kelas, jurusan, atau atribut siswa valid. | F8: 1. Buka detail siswa. 2. Ubah data yang diperlukan. 3. Simpan perubahan. | G8: Perubahan data siswa tersimpan dan tampil pada detail/daftar siswa.
A9: F-03-S03 | B9: Sistem dapat melakukan perubahan pada masing-masing data guru dan siswa | C9: Perubahan ditolak saat data tidak valid | D9: Pengguna berwenang berada pada form ubah data guru/siswa. | E9: Field wajib kosong atau format email/NIS tidak valid. | F9: 1. Ubah data dengan nilai tidak valid. 2. Tekan simpan. | G9: Sistem menolak perubahan dan menampilkan pesan validasi tanpa mengubah data lama.
A10: F-04-S01 | B10: Sistem dapat menjalankan aksi autentikasi dan otorisasi untuk akses ke dalam sistem ujian | C10: Login berhasil sesuai role | D10: Akun administrator/guru/siswa aktif tersedia. | E10: Username dan password valid. | F10: 1. Buka halaman login. 2. Masukkan kredensial valid. 3. Tekan login. | G10: Sistem mengautentikasi pengguna dan mengarahkan ke dashboard sesuai role.
A11: F-04-S02 | B11: Sistem dapat menjalankan aksi autentikasi dan otorisasi untuk akses ke dalam sistem ujian | C11: Login gagal dengan kredensial salah | D11: Akun pengguna tersedia. | E11: Username valid dengan password salah, atau username tidak terdaftar. | F11: 1. Buka halaman login. 2. Masukkan kredensial salah. 3. Tekan login. | G11: Sistem menolak login dan menampilkan pesan kegagalan autentikasi.
A12: F-04-S03 | B12: Sistem dapat menjalankan aksi autentikasi dan otorisasi untuk akses ke dalam sistem ujian | C12: Akses menu dibatasi oleh role | D12: Pengguna dengan role terbatas berhasil login. | E12: Akun siswa/guru mencoba membuka URL admin. | F12: 1. Login sebagai role terbatas. 2. Akses menu/URL yang bukan haknya. | G12: Sistem menolak akses dan menampilkan halaman/pesan tidak berwenang.
... A144: F-48-S03 | B144: Sistem dapat menampilkan review sebelum siswa dapat benar-benar submit jawaban | C144: Batal submit kembali ke pengerjaan | D144: Halaman review submit tampil. | E144: Aksi batal/kembali. | F144: 1. Klik batal/kembali pada review submit. | G144: Sistem membatalkan submit akhir dan mengembalikan siswa ke halaman pengerjaan dengan jawaban tetap ada.

Sheet Sheet3
A1: ID | B1: Deskripsi
A2: F-01 | B2: Sistem dapat melakukan registrasi akun untuk administrator, guru, dan siswa
A3: F-02 | B3: Sistem dapat melakukan pengelolaan dan perubahan terhadap data administrator, guru, dan siswa
A4: F-03 | B4: Sistem dapat melakukan perubahan pada masing-masing data guru dan siswa
A5: F-04 | B5: Sistem dapat menjalankan aksi autentikasi dan otorisasi untuk akses ke dalam sistem ujian
A6: F-05 | B6: Sistem dapat menampilkan jumlah data peserta/siswa
A7: F-06 | B7: Sistem dapat menampilkan jumlah bank soal yang tersedia
A8: F-07 | B8: Sistem dapat menampilkan total ujian yang telah dilaksanakan
A9: F-08 | B9: Sistem dapat menampilkan total mata pelajaran tersedia
A10: F-09 | B10: Sebagai administrator, saya ingin mengelola pengaturan umum profil sekolah
A11: F-10 | B11: Sistem dapat menyimpan dan menampilkan data jurusan yang tersedia
A12: F-11 | B12: Sistem dapat menyimpan dan menampilkan data kelas yang tersedia
... A49: F-48 | B49: Sistem dapat menampilkan review sebelum siswa dapat benar-benar submit jawaban

Sheet Hasil
A1: ID Skenario | B1: Kebutuhan Fungsional | C1: Skenario Pengujian | D1: Prasyarat | E1: Data Uji | F1: Langkah Pengujian | G1: Ekspektasi Hasil | H1: Status | I1: Hasil Aktual | J1: Bukti Pengujian | L1: ID Bug | M1: Tanggal Uji | N1: Penguji | O1: Catatan
A2: F-01-S01 | B2: Sistem dapat melakukan registrasi akun untuk administrator, guru, dan siswa | C2: Registrasi akun valid untuk setiap role | D2: Belum ada akun dengan username/email yang sama. Pengguna memiliki akses halaman registrasi. | E2: Role: administrator, guru, siswa; nama, username, email, password valid. | F2: 1. Buka halaman registrasi. 2. Isi data wajib sesuai role. 3. Simpan registrasi. | G2: Akun baru tersimpan dengan role yang dipilih dan dapat digunakan sesuai hak aksesnya. | H2: SUKSES | I2: =IF($H2="SUKSES","Sesuai dengan ekspektasi hasil.",IF($H2="GAGAL","Tuliskan hasil aktual yang tidak sesuai.","")) -> Sesuai dengan ekspektasi hasil. | J2: #VALUE! | K2: #VALUE! | M2: 23 Mei 2026 | N2: Athaullah Mustafa Madjid (Developer)
A3: F-01-S02 | B3: Sistem dapat melakukan registrasi akun untuk administrator, guru, dan siswa | C3: Registrasi ditolak saat data wajib kosong | D3: Pengguna berada di halaman registrasi. | E3: Nama atau username atau password dikosongkan. | F3: 1. Buka halaman registrasi. 2. Kosongkan salah satu data wajib. 3. Tekan simpan. | G3: Sistem menolak registrasi dan menampilkan pesan validasi pada field yang kosong. | H3: SUKSES | I3: =IF($H3="SUKSES","Sesuai dengan ekspektasi hasil.",IF($H3="GAGAL","Tuliskan hasil aktual yang tidak sesuai.","")) -> Sesuai dengan ekspektasi hasil. | J3: #VALUE! | M3: 24 Mei 2026 | N3: Athaullah Mustafa Madjid (Developer)
A4: F-01-S03 | B4: Sistem dapat melakukan registrasi akun untuk administrator, guru, dan siswa | C4: Registrasi ditolak saat username/email duplikat | D4: Sudah tersedia akun aktif dengan username/email tertentu. | E4: Username/email yang sudah digunakan. | F4: 1. Buka halaman registrasi. 2. Isi data dengan username/email duplikat. 3. Tekan simpan. | G4: Sistem tidak membuat akun baru dan menampilkan pesan bahwa username/email sudah digunakan. | H4: SUKSES | I4: =IF($H4="SUKSES","Sesuai dengan ekspektasi hasil.",IF($H4="GAGAL","Tuliskan hasil aktual yang tidak sesuai.","")) -> Sesuai dengan ekspektasi hasil. | J4: #VALUE! | K4: #VALUE! | M4: 25 Mei 2026 | N4: Athaullah Mustafa Madjid (Developer)
A5: F-02-S01 | B5: Sistem dapat melakukan pengelolaan terhadap data administrator, guru, dan siswa | C5: Tambah data pengguna baru | D5: Administrator berhasil login dan berada di menu manajemen pengguna. | E5: Data administrator/guru/siswa baru yang valid. | F5: 1. Pilih menu tambah pengguna. 2. Isi data pengguna dan role. 3. Simpan data. | G5: Data pengguna tersimpan dan tampil pada daftar sesuai role. | H5: SUKSES | I5: =IF($H5="SUKSES","Sesuai dengan ekspektasi hasil.",IF($H5="GAGAL","Tuliskan hasil aktual yang tidak sesuai.","")) -> Sesuai dengan ekspektasi hasil. | J5: #VALUE! | K5: #VALUE! | M5: 26 Mei 2026 | N5: Athaullah Mustafa Madjid (Developer)
A6: F-02-S02 | B6: Sistem dapat melakukan pengelolaan terhadap data administrator, guru, dan siswa | C6: Lihat daftar dan detail pengguna | D6: Tersedia data administrator, guru, dan siswa. | E6: Filter role atau kata kunci pencarian. | F6: 1. Buka menu manajemen pengguna. 2. Gunakan filter/pencarian. 3. Buka detail salah satu pengguna. | G6: Sistem menampilkan daftar dan detail pengguna sesuai data yang tersimpan. | H6: SUKSES | I6: =IF($H6="SUKSES","Sesuai dengan ekspektasi hasil.",IF($H6="GAGAL","Tuliskan hasil aktual yang tidak sesuai.","")) -> Sesuai dengan ekspektasi hasil. | J6: #VALUE! | K6: #VALUE! | M6: 27 Mei 2026 | N6: Athaullah Mustafa Madjid (Developer)
A7: F-02-S03 | B7: Sistem dapat melakukan pengelolaan terhadap data administrator, guru, dan siswa | C7: Hapus/nonaktifkan pengguna | D7: Administrator berhasil login dan data target tersedia. | E7: Akun guru/siswa/administrator target. | F7: 1. Pilih data pengguna. 2. Jalankan aksi hapus/nonaktifkan. 3. Konfirmasi aksi. | G7: Sistem menghapus data sesuai pilihan dan daftar diperbarui. | H7: SUKSES | I7: =IF($H7="SUKSES","Sesuai dengan ekspektasi hasil.",IF($H7="GAGAL","Tuliskan hasil aktual yang tidak sesuai.","")) -> Sesuai dengan ekspektasi hasil. | J7: #VALUE! | K7: #VALUE! | M7: 28 Mei 2026 | N7: Athaullah Mustafa Madjid (Developer)
A8: F-03-S01 | B8: Sistem dapat melakukan perubahan pada masing-masing data guru dan siswa | C8: Ubah data guru dengan input valid | D8: Administrator/guru berwenang login dan data guru tersedia. | E8: Nama, NIP/email, mata pelajaran, atau atribut guru valid. | F8: 1. Buka detail guru. 2. Ubah data yang diperlukan. 3. Simpan perubahan. | G8: Perubahan data guru tersimpan dan tampil pada detail/daftar guru. | H8: SUKSES | I8: =IF($H8="SUKSES","Sesuai dengan ekspektasi hasil.",IF($H8="GAGAL","Tuliskan hasil aktual yang tidak sesuai.","")) -> Sesuai dengan ekspektasi hasil. | J8: #VALUE! | K8: #VALUE! | M8: 29 Mei 2026 | N8: Athaullah Mustafa Madjid (Developer)
A9: F-03-S02 | B9: Sistem dapat melakukan perubahan pada masing-masing data guru dan siswa | C9: Ubah data siswa dengan input valid | D9: Administrator/guru berwenang login dan data siswa tersedia. | E9: Nama, NIS, kelas, jurusan, atau atribut siswa valid. | F9: 1. Buka detail siswa. 2. Ubah data yang diperlukan. 3. Simpan perubahan. | G9: Perubahan data siswa tersimpan dan tampil pada detail/daftar siswa. | H9: SUKSES | I9: =IF($H9="SUKSES","Sesuai dengan ekspektasi hasil.",IF($H9="GAGAL","Tuliskan hasil aktual yang tidak sesuai.","")) -> Sesuai dengan ekspektasi hasil. | J9: #VALUE! | K9: #VALUE! | M9: 30 Mei 2026 | N9: Athaullah Mustafa Madjid (Developer)
A10: F-03-S03 | B10: Sistem dapat melakukan perubahan pada masing-masing data guru dan siswa | C10: Perubahan ditolak saat data tidak valid | D10: Pengguna berwenang berada pada form ubah data guru/siswa. | E10: Field wajib kosong atau format email/NIS tidak valid. | F10: 1. Ubah data dengan nilai tidak valid. 2. Tekan simpan. | G10: Sistem menolak perubahan dan menampilkan pesan validasi tanpa mengubah data lama. | H10: SUKSES | I10: =IF($H10="SUKSES","Sesuai dengan ekspektasi hasil.",IF($H10="GAGAL","Tuliskan hasil aktual yang tidak sesuai.","")) -> Sesuai dengan ekspektasi hasil. | J10: #VALUE! | M10: 31 Mei 2026 | N10: Athaullah Mustafa Madjid (Developer)
A11: F-04-S01 | B11: Sistem dapat menjalankan aksi autentikasi dan otorisasi untuk akses ke dalam sistem ujian | C11: Login berhasil sesuai role | D11: Akun administrator/guru/siswa aktif tersedia. | E11: Username dan password valid. | F11: 1. Buka halaman login. 2. Masukkan kredensial valid. 3. Tekan login. | G11: Sistem mengautentikasi pengguna dan mengarahkan ke dashboard sesuai role. | I11: =IF($H11="SUKSES","Sesuai dengan ekspektasi hasil.",IF($H11="GAGAL","Tuliskan hasil aktual yang tidak sesuai.",""))
A12: F-04-S02 | B12: Sistem dapat menjalankan aksi autentikasi dan otorisasi untuk akses ke dalam sistem ujian | C12: Login gagal dengan kredensial salah | D12: Akun pengguna tersedia. | E12: Username valid dengan password salah, atau username tidak terdaftar. | F12: 1. Buka halaman login. 2. Masukkan kredensial salah. 3. Tekan login. | G12: Sistem menolak login dan menampilkan pesan kegagalan autentikasi. | I12: =IF($H12="SUKSES","Sesuai dengan ekspektasi hasil.",IF($H12="GAGAL","Tuliskan hasil aktual yang tidak sesuai.",""))
A13: F-04-S03 | B13: Sistem dapat menjalankan aksi autentikasi dan otorisasi untuk akses ke dalam sistem ujian | C13: Akses menu dibatasi oleh role | D13: Pengguna dengan role terbatas berhasil login. | E13: Akun siswa/guru mencoba membuka URL admin. | F13: 1. Login sebagai role terbatas. 2. Akses menu/URL yang bukan haknya. | G13: Sistem menolak akses dan menampilkan halaman/pesan tidak berwenang. | I13: =IF($H13="SUKSES","Sesuai dengan ekspektasi hasil.",IF($H13="GAGAL","Tuliskan hasil aktual yang tidak sesuai.",""))
A14: F-05-S01 | B14: Sistem dapat menampilkan jumlah data peserta/siswa | C14: Jumlah siswa tampil sesuai data | D14: Tersedia beberapa data siswa aktif. | E14: Data siswa aktif pada database. | F14: 1. Login sebagai administrator. 2. Buka dashboard. | G14: Dashboard menampilkan total peserta/siswa sesuai jumlah data aktif. | I14: =IF($H14="SUKSES","Sesuai dengan ekspektasi hasil.",IF($H14="GAGAL","Tuliskan hasil aktual yang tidak sesuai.",""))
A15: F-05-S02 | B15: Sistem dapat menampilkan jumlah data peserta/siswa | C15: Jumlah siswa berubah setelah data ditambah | D15: Administrator login dan menu siswa dapat diakses. | E15: Satu data siswa baru valid. | F15: 1. Catat total siswa awal. 2. Tambah satu siswa. 3. Buka kembali dashboard. | G15: Total siswa bertambah sesuai jumlah data yang berhasil ditambahkan. | I15: =IF($H15="SUKSES","Sesuai dengan ekspektasi hasil.",IF($H15="GAGAL","Tuliskan hasil aktual yang tidak sesuai.",""))
A16: F-05-S03 | B16: Sistem dapat menampilkan jumlah data peserta/siswa | C16: Jumlah siswa nol saat belum ada data | D16: Tidak ada data siswa aktif. | E16: Database siswa kosong/nonaktif semua. | F16: 1. Login sebagai administrator. 2. Buka dashboard. | G16: Sistem menampilkan total siswa 0 tanpa error. | I16: =IF($H16="SUKSES","Sesuai dengan ekspektasi hasil.",IF($H16="GAGAL","Tuliskan hasil aktual yang tidak sesuai.",""))
A17: F-06-S01 | B17: Sistem dapat menampilkan jumlah bank soal yang tersedia | C17: Jumlah bank soal tampil sesuai data | D17: Tersedia beberapa bank soal. | E17: Bank soal aktif pada database. | F17: 1. Login sebagai guru/admin. 2. Buka dashboard atau menu bank soal. | G17: Sistem menampilkan total bank soal sesuai data tersimpan. | I17: =IF($H17="SUKSES","Sesuai dengan ekspektasi hasil.",IF($H17="GAGAL","Tuliskan hasil aktual yang tidak sesuai.",""))
A18: F-06-S02 | B18: Sistem dapat menampilkan jumlah bank soal yang tersedia | C18: Jumlah bank soal bertambah setelah import/tambah | D18: Pengguna berwenang dan bank soal valid tersedia. | E18: Satu bank soal baru. | F18: 1. Catat total bank soal awal. 2. Tambahkan/import bank soal. 3. Refresh tampilan total. | G18: Total bank soal bertambah sesuai jumlah bank soal baru. | I18: =IF($H18="SUKSES","Sesuai dengan ekspektasi hasil.",IF($H18="GAGAL","Tuliskan hasil aktual yang tidak sesuai.",""))
A19: F-06-S03 | B19: Sistem dapat menampilkan jumlah bank soal yang tersedia | C19: Jumlah bank soal berkurang setelah penghapusan | D19: Tersedia bank soal yang dapat dihapus. | E19: Satu bank soal target. | F19: 1. Catat total bank soal awal. 2. Hapus satu bank soal. 3. Refresh tampilan total. | G19: Total bank soal berkurang sesuai data yang dihapus. | I19: =IF($H19="SUKSES","Sesuai dengan ekspektasi hasil.",IF($H19="GAGAL","Tuliskan hasil aktual yang tidak sesuai.",""))
A20: F-07-S01 | B20: Sistem dapat menampilkan total ujian yang telah dilaksanakan | C20: Total ujian terlaksana tampil sesuai riwayat | D20: Tersedia ujian dengan status telah dilaksanakan. | E20: Data ujian selesai. | F20: 1. Login sebagai admin/guru. 2. Buka dashboard/riwayat ujian. | G20: Sistem menampilkan total ujian yang telah dilaksanakan sesuai riwayat. | I20: =IF($H20="SUKSES","Sesuai dengan ekspektasi hasil.",IF($H20="GAGAL","Tuliskan hasil aktual yang tidak sesuai.",""))
A21: F-07-S02 | B21: Sistem dapat menampilkan total ujian yang telah dilaksanakan | C21: Ujian belum berlangsung tidak dihitung | D21: Tersedia ujian terjadwal dan ujian selesai. | E21: Status ujian: terjadwal dan selesai. | F21: 1. Buka tampilan total ujian dilaksanakan. 2. Bandingkan dengan daftar ujian. | G21: Sistem hanya menghitung ujian yang telah dilaksanakan. | I21: =IF($H21="SUKSES","Sesuai dengan ekspektasi hasil.",IF($H21="GAGAL","Tuliskan hasil aktual yang tidak sesuai.",""))
A22: F-07-S03 | B22: Sistem dapat menampilkan total ujian yang telah dilaksanakan | C22: Total nol saat belum ada ujian selesai | D22: Belum ada ujian dengan status selesai. | E22: Data ujian kosong atau hanya terjadwal. | F22: 1. Login sebagai admin/guru. 2. Buka dashboard. | G22: Sistem menampilkan total 0 tanpa error. | I22: =IF($H22="SUKSES","Sesuai dengan ekspektasi hasil.",IF($H22="GAGAL","Tuliskan hasil aktual yang tidak sesuai.",""))
... A145: F-48-S03 | B145: Sistem dapat menampilkan review sebelum siswa dapat benar-benar submit jawaban | C145: Batal submit kembali ke pengerjaan | D145: Halaman review submit tampil. | E145: Aksi batal/kembali. | F145: 1. Klik batal/kembali pada review submit. | G145: Sistem membatalkan submit akhir dan mengembalikan siswa ke halaman pengerjaan dengan jawaban tetap ada. | I145: =IF($H145="SUKSES","Sesuai dengan ekspektasi hasil.",IF($H145="GAGAL","Tuliskan hasil aktual yang tidak sesuai.",""))

Sheet Dokumentasi Pengujian
A1: ID Skenario | B1: Kebutuhan Fungsional | C1: Skenario Pengujian | D1: Jenis Bukti | E1: Nama/Path File Bukti | F1: Deskripsi Bukti | G1: Status Bukti | H1: Catatan
A2: F-01-S01 | B2: Sistem dapat melakukan registrasi akun untuk administrator, guru, dan siswa | C2: Registrasi akun valid untuk setiap role | D2: Screenshot
A3: F-01-S02 | B3: Sistem dapat melakukan registrasi akun untuk administrator, guru, dan siswa | C3: Registrasi ditolak saat data wajib kosong
A4: F-01-S03 | B4: Sistem dapat melakukan registrasi akun untuk administrator, guru, dan siswa | C4: Registrasi ditolak saat username/email duplikat
A5: F-02-S01 | B5: Sistem dapat melakukan pengelolaan terhadap data administrator, guru, dan siswa | C5: Lihat daftar dan detail pengguna
A6: F-02-S02 | B6: Sistem dapat melakukan pengelolaan terhadap data administrator, guru, dan siswa | C6: Hapus/nonaktifkan pengguna
A7: F-03-S01 | B7: Sistem dapat melakukan perubahan pada masing-masing data guru dan siswa | C7: Ubah data guru dengan input valid
A8: F-03-S02 | B8: Sistem dapat melakukan perubahan pada masing-masing data guru dan siswa | C8: Ubah data siswa dengan input valid
A9: F-03-S03 | B9: Sistem dapat melakukan perubahan pada masing-masing data guru dan siswa | C9: Perubahan ditolak saat data tidak valid
A10: F-04-S01 | B10: Sistem dapat menjalankan aksi autentikasi dan otorisasi untuk akses ke dalam sistem ujian | C10: Login berhasil sesuai role
A11: F-04-S02 | B11: Sistem dapat menjalankan aksi autentikasi dan otorisasi untuk akses ke dalam sistem ujian | C11: Login gagal dengan kredensial salah
A12: F-04-S03 | B12: Sistem dapat menjalankan aksi autentikasi dan otorisasi untuk akses ke dalam sistem ujian | C12: Akses menu dibatasi oleh role
A13: F-05-S01 | B13: Sistem dapat menampilkan jumlah data peserta/siswa | C13: Jumlah siswa tampil sesuai data
A14: F-05-S02 | B14: Sistem dapat menampilkan jumlah data peserta/siswa | C14: Jumlah siswa berubah setelah data ditambah
... A144: F-48-S03 | B144: Sistem dapat menampilkan review sebelum siswa dapat benar-benar submit jawaban | C144: Batal submit kembali ke pengerjaan

Sheet Ringkasan
A1: Ringkasan Dokumentasi Black Box Testing
A3: Metrik | B3: Nilai
A4: Total kebutuhan fungsional | B4: 48
A5: Total skenario black box | B5: 144
A6: Skenario per kebutuhan | B6: 3
A7: ID kebutuhan pertama | B7: F-01
A8: ID kebutuhan terakhir | B8: F-48
A10: ID Kebutuhan | B10: Jumlah Skenario | C10: Keterangan
A11: F-01 | B11: 3 | C11: Sesuai ketentuan
A12: F-02 | B12: 3 | C12: Sesuai ketentuan
A13: F-03 | B13: 3 | C13: Sesuai ketentuan
A14: F-04 | B14: 3 | C14: Sesuai ketentuan
A15: F-05 | B15: 3 | C15: Sesuai ketentuan
A16: F-06 | B16: 3 | C16: Sesuai ketentuan
A17: F-07 | B17: 3 | C17: Sesuai ketentuan
A18: F-08 | B18: 3 | C18: Sesuai ketentuan
A19: F-09 | B19: 3 | C19: Sesuai ketentuan
A20: F-10 | B20: 3 | C20: Sesuai ketentuan
A21: F-11 | B21: 3 | C21: Sesuai ketentuan
A22: F-12 | B22: 3 | C22: Sesuai ketentuan
... A58: F-48 | B58: 3 | C58: Sesuai ketentuan

Sheet Panduan
A1: Panduan Dokumentasi Black-box Testing
A3: Bagian | B3: Isi Dokumentasi | C3: Tujuan | D3: Sheet Terkait | E3: Status | F3: Catatan
A4: Tujuan Pengujian | B4: Menjelaskan tujuan black-box testing pada sistem. | C4: Memberikan konteks pengujian. | D4: Panduan | E4: Disediakan | F4: Dapat disesuaikan dengan laporan.
A5: Lingkungan Pengujian | B5: Spesifikasi aplikasi, server, browser, database, dan data awal. | C5: Membuat hasil uji dapat direplikasi. | D5: Lingkungan Uji | E5: Perlu Diisi | F5: Isi sesuai kondisi staging/production saat pengujian.
A6: Skenario Pengujian | B6: Daftar kondisi uji untuk setiap kebutuhan fungsional. | C6: Menentukan apa saja yang diuji. | D6: Skenario Black Box | E6: Sudah Ada | F6: Berisi 144 skenario.
A7: Test Case | B7: Prasyarat, data uji, langkah uji, ekspektasi hasil. | C7: Menjadi pedoman eksekusi pengujian. | D7: Skenario Black Box / Hasil | E7: Sudah Ada | F7: Kolom hasil eksekusi ditambahkan pada sheet Hasil.
A8: Data Uji | B8: Akun, input valid/invalid, file, jadwal, token, dan data referensi. | C8: Memastikan pengujian konsisten dan dapat diulang. | D8: Data Uji | E8: Disediakan | F8: Gunakan data dummy/non-rahasia.
A9: Hasil Pengujian | B9: Status, hasil aktual, bukti, bug ID, tanggal, penguji, catatan. | C9: Merekam hasil eksekusi setiap test case. | D9: Hasil | E9: Ditambahkan | F9: Gunakan status SUKSES/GAGAL/PERLU RETEST/BELUM DIUJI.
A10: Bukti Pengujian | B10: Screenshot, recording, log, response API, file export. | C10: Menjadi bukti pendukung hasil uji. | D10: Dokumentasi Pengujian | E10: Ditambahkan | F10: Isi path/nama file bukti.
A11: Defect Report | B11: Daftar bug, severity, status, langkah reproduksi, expected/actual result. | C11: Melacak temuan sampai selesai. | D11: Bug Report | E11: Disediakan | F11: Gunakan jika ada test case gagal.
A12: Rekap Pengujian | B12: Total skenario, jumlah sukses/gagal/retest/belum diuji, persentase keberhasilan. | C12: Memberikan gambaran ringkas hasil uji. | D12: Dashboard | E12: Ditambahkan | F12: Formula mengambil data dari sheet Hasil.
A13: Kesimpulan | B13: Narasi ringkas hasil pengujian dan tindak lanjut. | C13: Digunakan pada laporan akhir. | D13: Kesimpulan | E13: Disediakan | F13: Teks dapat langsung disesuaikan.

Sheet Lingkungan Uji
A1: Lingkungan Pengujian
A3: Komponen | B3: Nilai | C3: Catatan | D3: Wajib Diisi
A4: Nama Sistem | B4: Sistem Ujian Sekolah SMA IT Fitrah Insani | C4: Sesuaikan nama resmi sistem. | D4: Ya
A5: Jenis Pengujian | B5: Black-box Testing | C5: Pengujian berdasarkan input-output tanpa melihat kode internal. | D5: Ya
A6: Teknik Pengujian | B6: Equivalence Partitioning / Boundary Value / Use-case Scenario | C6: Pilih teknik yang digunakan pada tiap modul. | D6: Ya
A7: Environment | B7: Staging | C7: Tuliskan lingkungan yang digunakan saat uji. | D7: Ya
A8: URL Aplikasi | B8: https://staging-client.smafi.my.id/ | C8: Isi URL aplikasi yang diuji. | D8: Ya
A9: Browser | B9: Edge | C9: Tuliskan versi browser jika diperlukan. | D9: Ya
A10: Sistem Operasi Client | B10: Windows | C10: Tuliskan OS perangkat penguji. | D10: Tidak
A11: Server Aplikasi | B11: Isi spesifikasi server | C11: Contoh: VPS 2 vCPU, 4 GB RAM. | D11: Ya
A12: Database | B12: PostgreSQL | C12: Tuliskan versi database. | D12: Ya
A13: Versi Aplikasi | B13: v1 | C13: Isi commit/tag/release yang diuji. | D13: Ya
A14: Data Awal | B14: Data staging | C14: Jelaskan jumlah siswa, guru, soal, ujian, kelas, dsb. | D14: Ya
... A17: Kriteria Lulus | B17: Hasil aktual sesuai ekspektasi hasil | C17: Digunakan untuk menentukan status SUKSES/GAGAL. | D17: Ya

Sheet Data Uji
A1: Data Uji Black-box Testing
A3: ID Data | B3: Kategori | C3: Kondisi | D3: Nilai/Contoh Data | E3: Modul Terkait | F3: Keterangan
A4: DU-001 | B4: Akun | C4: Akun administrator valid | D4: username: superadmin.test; role: administrator, password : myadmin123 | E4: Registrasi, Login, Manajemen Pengguna | F4: Gunakan password dummy yang aman dan tidak memakai password asli.
A5: DU-002 | B5: Akun | C5: Akun guru valid | D5: username: guru.test; role: guru | E5: Login, Bank Soal, Ujian, Koreksi | F5: Akun memiliki hak akses guru.
A6: DU-003 | B6: Akun | C6: Akun siswa valid | D6: username: siswa.test; role: siswa | E6: Login, Pelaksanaan Ujian, Hasil | F6: Akun terhubung ke kelas dan sesi yang sesuai.
A7: DU-004 | B7: Akun | C7: Password salah | D7: username valid + password salah | E7: Autentikasi | F7: Digunakan untuk skenario login gagal.
A8: DU-005 | B8: Validasi | C8: Field wajib kosong | D8: nama/email/password dikosongkan | E8: Registrasi, CRUD Master Data | F8: Sistem harus menampilkan pesan validasi.
A9: DU-006 | B9: Validasi | C9: Email tidak valid | D9: siswa.test@email | E9: Registrasi, Manajemen Pengguna | F9: Format email tidak lengkap.
A10: DU-007 | B10: Validasi | C10: Username/email duplikat | D10: username/email yang sudah terdaftar | E10: Registrasi, Manajemen Pengguna | F10: Sistem harus menolak duplikasi.
A11: DU-008 | B11: Master Data | C11: Data kelas valid | D11: Kelas X IPA 1 / XI IPS 1 | E11: Kelas, Siswa, Ujian | F11: Digunakan untuk relasi siswa dan ujian.
A12: DU-009 | B12: Master Data | C12: Data mata pelajaran valid | D12: Matematika / Bahasa Indonesia | E12: Mata Pelajaran, Bank Soal, Ujian | F12: Digunakan saat membuat bank soal/ujian.
A13: DU-010 | B13: Master Data | C13: Data ruangan dan sesi valid | D13: Ruang 01, Sesi 1 | E13: Ruangan, Sesi, Jadwal | F13: Digunakan untuk jadwal dan daftar hadir.
A14: DU-011 | B14: File Import | C14: File .docx valid | D14: template_soal_valid.docx | E14: Import Soal | F14: File mengikuti format label soal dan jawaban.
... A27: DU-024 | B27: Log | C27: Aktivitas pengguna tercatat | D27: login, tambah data, hapus data | E27: Log Aktivitas | F27: Log memuat aktor, waktu, dan aksi.

Sheet Bug Report
A1: Defect Report / Laporan Bug
A3: ID Bug | B3: ID Skenario | C3: Modul/Fitur | D3: Deskripsi Bug | E3: Langkah Reproduksi | F3: Expected Result | G3: Actual Result | H3: Severity | I3: Status | J3: PIC | K3: Tanggal Temuan | L3: Catatan Retest
A4: BUG-001 | H4: Medium | I4: Open
A5: BUG-002 | H5: Medium | I5: Open
A6: BUG-003 | H6: Medium | I6: Open
A7: BUG-004 | H7: Medium | I7: Open
A8: BUG-005 | H8: Medium | I8: Open

Sheet Checklist Dokumen
A1: Checklist Kelengkapan Dokumentasi Black-box Testing
A3: No | B3: Komponen Dokumentasi | C3: Sheet/Referensi | D3: Status | E3: Catatan
A4: 1 | B4: Tujuan Pengujian | C4: Panduan | D4: Lengkap | E4: Narasi tujuan tersedia.
A5: 2 | B5: Lingkungan Pengujian | C5: Lingkungan Uji | D5: Perlu Diisi | E5: Isi detail server, browser, database, URL, dan versi aplikasi.
A6: 3 | B6: Teknik Pengujian | C6: Lingkungan Uji | D6: Perlu Disesuaikan | E6: Pilih teknik yang benar-benar digunakan.
A7: 4 | B7: Kebutuhan Fungsional | C7: Sheet3 | D7: Lengkap | E7: Terdapat 48 kebutuhan fungsional.
A8: 5 | B8: Skenario Pengujian | C8: Skenario Black Box | D8: Lengkap | E8: Terdapat 144 skenario.
A9: 6 | B9: Test Case | C9: Skenario Black Box / Hasil | D9: Lengkap | E9: Prasyarat, data uji, langkah, dan ekspektasi tersedia.
A10: 7 | B10: Data Uji | C10: Data Uji | D10: Lengkap | E10: Data dummy disediakan dan dapat disesuaikan.
A11: 8 | B11: Hasil Aktual | C11: Hasil | D11: Perlu Diisi | E11: Isi/validasi setelah eksekusi pengujian.
A12: 9 | B12: Status Pengujian | C12: Hasil | D12: Perlu Diisi | E12: Gunakan status SUKSES/GAGAL/PERLU RETEST/BELUM DIUJI.
A13: 10 | B13: Bukti Pengujian | C13: Dokumentasi Pengujian | D13: Perlu Diisi | E13: Tambahkan nama/path screenshot, recording, log, atau export.
A14: 11 | B14: Defect Report | C14: Bug Report | D14: Opsional | E14: Diisi jika ada test case gagal.
A15: 12 | B15: Rekap Hasil | C15: Dashboard | D15: Lengkap | E15: Formula mengambil data dari sheet Hasil.
A16: 13 | B16: Kesimpulan Pengujian | C16: Kesimpulan | D16: Perlu Disesuaikan | E16: Sesuaikan angka dan temuan setelah pengujian final.

Sheet Dashboard
A1: Dashboard Rekap Pengujian Black-box
A3: Metrik | B3: Nilai | D3: Keterangan Rekap
A4: Total Kebutuhan Fungsional | B4: =COUNTA(Sheet3!$A$2:$A$49) -> 48 | D4: Status | E4: Makna | F4: Tindak Lanjut
A5: Total Skenario | B5: =COUNTA(Hasil!$A$2:$A$145) -> 144 | D5: SUKSES | E5: Hasil aktual sesuai ekspektasi. | F5: Dapat dijadikan bukti fitur berjalan.
A6: Skenario Sukses | B6: =COUNTIF(Hasil!$H$2:$H$145,"SUKSES") -> 9 | D6: GAGAL | E6: Hasil aktual tidak sesuai ekspektasi. | F6: Buat item pada Bug Report dan lakukan perbaikan.
A7: Skenario Gagal | B7: =COUNTIF(Hasil!$H$2:$H$145,"GAGAL") -> 0 | D7: PERLU RETEST | E7: Bug/perbaikan perlu diuji ulang. | F7: Ulangi test case setelah perbaikan.
A8: Perlu Retest | B8: =COUNTIF(Hasil!$H$2:$H$145,"PERLU RETEST") -> 0 | D8: BELUM DIUJI | E8: Test case belum dieksekusi. | F8: Lakukan pengujian dan isi hasil.
A9: Belum Diuji/Belum Diisi | B9: =B5-B6-B7-B8 -> 135 | D9: BELUM DIISI | E9: Status masih kosong. | F9: Lengkapi status pengujian pada sheet Hasil.
A10: Persentase Keberhasilan | B10: =IFERROR(B6/B5,0) -> 0.0625
A12: Status | B12: Jumlah
A13: SUKSES | B13: =B6 -> 9
A14: GAGAL | B14: =B7 -> 0
A15: PERLU RETEST | B15: =B8 -> 0
A16: BELUM DIUJI / BELUM DIISI | B16: =B9 -> 135

Sheet Kesimpulan
A1: Template Kesimpulan Pengujian Black-box
A3: Bagian | B3: Narasi / Isi | C3: Sumber Data | D3: Status | E3: Catatan
A4: Ringkasan Hasil | B4: Berdasarkan hasil pengujian black-box terhadap sistem, seluruh skenario diuji berdasarkan kebutuhan fungsional, data masukan, langkah pengujian, dan ekspektasi hasil yang telah ditentukan. | C4: Hasil, Dashboard | D4: Template | E4: Sesuaikan setelah semua hasil diisi.
A5: Jumlah Pengujian | B5: Total skenario pengujian mengacu pada sheet Dashboard. Persentase keberhasilan dihitung dari jumlah skenario berstatus SUKSES dibandingkan total skenario. | C5: Dashboard | D5: Template | E5: Gunakan angka final dari Dashboard.
A6: Kriteria Keberhasilan | B6: Skenario dinyatakan sukses apabila hasil aktual sesuai dengan ekspektasi hasil. Jika tidak sesuai, skenario dinyatakan gagal dan dicatat pada Bug Report. | C6: Panduan, Bug Report | D6: Template | E6: Dapat digunakan dalam laporan.
A7: Tindak Lanjut | B7: Setiap temuan bug perlu diperbaiki, diuji ulang, dan ditutup apabila hasil retest sudah sesuai ekspektasi. | C7: Bug Report | D7: Template | E7: Diisi jika ada bug.
A8: Kesimpulan Akhir | B8: Secara umum, sistem dinyatakan memenuhi kebutuhan fungsional apabila sebagian besar atau seluruh skenario utama berhasil dijalankan sesuai ekspektasi. | C8: Dashboard | D8: Template | E8: Sesuaikan dengan hasil akhir.
